id,Protein,Protein names,Gene names,Amino acid,Position,Sequence window,STY_30m_med,STY_4h_med
351,C9JA08,60S ribosomal export protein NMD3,NMD3,S,468,RKNVNIYRDSAIPVESDTDDEGAPRISLAEM,0.90236,1.57815
426,E7ES33,Septin-7,SEPT7,S,314,YNGVDNNKNKGQLTKSPLAQMEEERREHVAK,0.9009674999999999,1.564025
540,E9PHV5,Sperm-specific antigen 2,SSFA2,S,668,EFTQYTTHHILKSLASIEAKCSDMSSENTTG,2.918225,2.519775
582,F5H142,Caprin-2,CAPRIN2,S,398,KSKPSPSQWKQDTPKSKAGYVQEEQKKQETP,0.9550125,181.1995
710,H7C128,Bromodomain-containing protein 8,BRD8,S,275,PLLSELLKKGSLLPTSPRLVNESEMAVASGH,0.8787125,1.552875
784,M0R0P8,Unconventional myosin-IXb,MYO9B,S,1267,TSLALDSRVSPPAPGSAPETPEDKSKPCGSP,1.3108749999999998,4.173525
820,O14686,Histone-lysine N-methyltransferase 2D,KMT2D,S,4738,PHLGSGRWEQEDRALSPVIPLIPRASIPVFP,0.958855,1.7752500000000002
936,O60832,H/ACA ribonucleoprotein complex subunit 4,DKC1,S,513,KKKKKKKKAKEVELVSE______________,1.26915,3.2371499999999997
952,O75396,Vesicle-trafficking protein SEC22b,SEC22B,S,137,TKKLYIDSCARRNLGSINTELQDVQRIMVAN,3.2599750000000003,2.5116750000000003
1022,O95425-2,Supervillin,SVIL,S,494,SATDYKFSSSIENSDSPVRSILKSQAWQPLV,2.1807999999999996,2.44965
1065,P02545,Prelamin-A/C;Lamin-A/C,LMNA,S,636,TVTRSYRSVGGSGGGSFGDNLVTRSYLLGNS,0.9999,1.7542499999999999
1066,P02545,Prelamin-A/C;Lamin-A/C,LMNA,S,651,SFGDNLVTRSYLLGNSSPRTQSPQNCSIM__,0.8041775,3.977325
1073,P04792,Heat shock protein beta-1,HSPB1,S,78,IESPAVAAPAYSRALSRQLSSGVSEIRHTAD,0.7710224999999999,1.6476250000000001
1209,P21359-2,Neurofibromin;Neurofibromin truncated,NF1,S,2522,QPSQANTKKLLGTRKSFDHLISDTKAPKRQE,1.2996750000000001,2.25325
1216,P22234,Multifunctional protein ADE2;Phosphoribosylaminoimidazole-succinocarboxamide synthase;Phosphoribosylaminoimidazole carboxylase,PAICS,S,27,KLYEGKTKEVYELLDSPGKVLLQSKDQITAG,0.900245,3.132625
1217,P22234,Multifunctional protein ADE2;Phosphoribosylaminoimidazole-succinocarboxamide synthase;Phosphoribosylaminoimidazole carboxylase,PAICS,S,107,EMIPIEWVCRRIATGSFLKRNPGVKEGYKFY,1.914825,1.8749250000000002
1223,P23193,Transcription elongation factor A protein 1,TCEA1,S,81,AKSLIKSWKKLLDGPSTEKDLDEKKKEPAIT,0.553705,1.736075
1288,P37802,Transgelin-2,TAGLN2,S,163,PNWFPKKSKENPRNFSDNQLQEGKNVIGLQM,0.9562275,1.6710500000000001
1351,P46821,Microtubule-associated protein 1B;MAP1B heavy chain;MAP1 light chain LC1,MAP1B,S,832,IGPAKELEAERSLMSSPEDLTKDFEELKAEE,2.89725,2.036175
1356,P46821,Microtubule-associated protein 1B;MAP1B heavy chain;MAP1 light chain LC1,MAP1B,S,995,AEADAYIREKRESVASGDDRAEEDMDEAIEK,1.5145,2.3923
1479,P51397,Death-associated protein 1,DAP,S,51,TKEEKDKDDQEWESPSPPKPTVFISGVIARG,1.01472,1.7114525
1543,P62753,40S ribosomal protein S6,RPS6,S,236,KEKRQEQIAKRRRLSSLRASTSKSESSQK__,1.1652749999999998,2.12655
1598,Q01831-2,DNA repair protein complementing XP-C cells,XPC,S,846,KSEAAAPHTDAGGGLSSDEEEGTSSQAEAAR,1.771725,1.515975
1599,Q01831-2,DNA repair protein complementing XP-C cells,XPC,S,847,SEAAAPHTDAGGGLSSDEEEGTSSQAEAARI,1.771725,1.515975
1650,Q08357,Sodium-dependent phosphate transporter 2,SLC20A2,S,256,KITGKLQKEGALSRVSDESLSKVQEAESPVF,1.10345,1.703525
1651,Q08357,Sodium-dependent phosphate transporter 2,SLC20A2,S,259,GKLQKEGALSRVSDESLSKVQEAESPVFKEL,1.10345,1.703525
1765,Q13200,26S proteasome non-ATPase regulatory subunit 2,PSMD2,S,361,DDIYKTHLENNRFGGSGSQVDSARMNLASSF,1.8417750000000002,1.7230750000000001
1797,Q13435,Splicing factor 3B subunit 2,SF3B2,S,309,EEMETDARSSLGQSASETEEDTVSVSKKEKN,0.8898524999999999,1.5386250000000001
1832,Q14147,Probable ATP-dependent RNA helicase DHX34,DHX34,S,749,RRRKVLRLQEEQDGGSSDEDRAGPAPPGASD,1.1485225,20.507485
1833,Q14147,Probable ATP-dependent RNA helicase DHX34,DHX34,S,750,RRKVLRLQEEQDGGSSDEDRAGPAPPGASDG,1.1485225,20.507485
1855,Q14247,Src substrate cortactin,CTTN,S,418,PVSPAPQPTEERLPSSPVYEDAASFKAELSY,1.1287449999999999,1.513875
1899,Q15149,Plectin,PLEC,S,149,TEEQRVYRRKELEEVSPETPVVPATTQRTLA,1.802375,1.8733749999999998
1910,Q15149-4,Plectin,PLEC,S,21,LRVPQPEGLGRKRTSSEDNLYLAVLRASEGK,2.4825999999999997,3.03405
1960,Q16659,Mitogen-activated protein kinase 6,MAPK6,S,189,LARIMDPHYSHKGHLSEGLVTKWYRSPRLLL,0.8041825,1.5967500000000001
2099,Q6GYQ0-4,Ral GTPase-activating protein subunit alpha-1,RALGAPA1,S,860,ERLRSGNASTMTRRGSSPGSLEIPKDLPDIL,1.412775,1.806825
2100,Q6GYQ0-4,Ral GTPase-activating protein subunit alpha-1,RALGAPA1,S,861,RLRSGNASTMTRRGSSPGSLEIPKDLPDILN,1.412775,1.806825
2138,Q6UB99,Ankyrin repeat domain-containing protein 11,ANKRD11,S,1792,QAPARPLSTNLYRSVSVDIRRTPEEEFSVGD,1.119925,1.844825
2239,Q86UU1-3,Pleckstrin homology-like domain family B member 1,PHLDB1,S,430,VLTTSPSRQLVGRTFSDGLATRTLQPPESPR,1.51775,1.7672500000000002
2279,Q8IU81,Interferon regulatory factor 2-binding protein 1,IRF2BP1,S,421,VAPGGPYSAETPGVPSPIAALKNVAEALGHS,1.0019624999999999,1.8583399999999999
2320,Q8N697,Solute carrier family 15 member 4,SLC15A4,S,4,____________MEGSGGGAGERAPLLGARR,1.43855,3.059725
2367,Q8TAQ2,SWI/SNF complex subunit SMARCC2,SMARCC2,S,283,RRKKISAKTLTDEVNSPDSDRRDKKGGNYKK,1.2480525,1.7024499999999998
2419,Q8WYL5-2,Protein phosphatase Slingshot homolog 1,SSH1,S,576,SGLCEKDVKKKLEFGSPKGRSGSLLQVEETE,1.0051700000000001,84.0995
2586,Q99598,Translin-associated protein X,TSNAX;DISC1;TRAX,S,33,FPHNQRREGKDVNSSSPVMLAFKSFQQELDA,1.0890675,1.502975
2663,Q9BZF1,Oxysterol-binding protein-related protein 8;Oxysterol-binding protein,OSBPL8,S,14,__MEGGLADGEPDRTSLLGDSKDVLGPSTVV,1.05542,2.7418
2745,Q9H4L5,Oxysterol-binding protein-related protein 3,OSBPL3,S,372,EREKLKQLMEQDASSSPSAQVIGLKNALSSA,1.360575,1.5092249999999998
2791,Q9NPQ8-4,Synembryn-A,RIC8A,S,501,FDKLSRNRVIQPMGMSPRGHLTSLQDAMCET,0.9097975,3.363275
2834,Q9NVD7,Alpha-parvin,PARVA,S,8,________MATSPQKSPSVPKSPTPKSPPSR,1.0453975,1.571225
2923,Q9UHR4,Brain-specific angiogenesis inhibitor 1-associated protein 2-like protein 1,BAIAP2L1,S,261,IKTPASTPVSGTPQASPMIERSNVVRKDYDT,0.7543774999999999,1.6678250000000001
2979,Q9UNF1,Melanoma-associated antigen D2,MAGED2,S,2,______________MSDTSESGAGLTRFQAE,1.171025,1.587375
3021,Q9UQ35,Serine/arginine repetitive matrix protein 2,SRRM2,S,2694,RKPIDSLRDSRSLSYSPVERRRPSPQPSPRD,0.7491325,5.61045
3088,Q9Y2W2,WW domain-binding protein 11,WBP11,S,237,ALDLPPRRRDEDMLYSPELAQRGHDDDVSST,1.37769,1.520775
3269,C9JYS5,Golgi apparatus membrane protein TVP23 homolog;Golgi apparatus membrane protein TVP23 homolog B,TVP23C;TVP23B,T,199,SMATSYFGKQFLRQNTGDDQTS_________,1.2867250000000001,1.9980250000000002
3334,M0R0P8,Unconventional myosin-IXb,MYO9B,T,1271,LDSRVSPPAPGSAPETPEDKSKPCGSPRVQE,1.298625,4.012425
3626,Q9BYG3,MKI67 FHA domain-interacting nucleolar phosphoprotein,NIFK,T,223,QVLRKKKKKVSGTLDTPEKTVDSQGPTPVCT,1.05391,1.5059
3741,P63173,60S ribosomal protein L38,RPL38,Y,43,NKDNVKFKVRCSRYLYTLVITDKEKAEKLKQ,3.6375,219.0925
